id,inputText,lang,confidence
7624,16 RUBELES,lb,0.8674957
2933,‚Ä¢ I want to edit this file anyway,en,1
12045,D) Do vou buy collectible toys?,en,0.9895866
11532,Reduces ability cooldowns while,en,1
9356,Complete the sentences using the past simple or the past continuous.,en,1
3083,"Oleh Nikolenko, a spokesman for Ukraine‚Äôs Foreign Ministry, said that Italy‚Äôs proposals are now being studied.",en,1
1122,You must not be absent more than 14 days or nights in any 6-month period.,en,1
9602,3. 5-whys tool was used to determine the root cause,en,1
2975,"¬£35,000",en,0
2944,multiple orgasms,en,0.96454114
6111,- Nikita Gill,en,0.7130423
5968,Ùè∞îÙè∞ÖÙè∞ÅÙè∞äÙè∞ÜÙè∞ÇÙè∞ÉÙè∞äÙè∞ëÙè∞ÖÙè∞ÅÙè∞Ü,en,0
219,"HAMA NAKA MOTOGAWA(KUNSHAN) CO., LTD.",ja,0.45607215
9578,in the ux,en,1
9020,Nearby Local wildlife become agressive when this is active.,en,1
8775,(TH√ú 6 & 7) CN.T2 -5 T5,"['ar', 'vi']","[0.43021756, 0.37574497]"
8258,Organophosphorus insecticides,en,0.9742594
1454,rucola - pinboompitten,de,0.25713277
6988,"\""I soon realized that for the first time in my life, I didn't know what I wanted.",en,1
358,the graffiti.,en,0.7989001
4615,15.5kg,en,0.9729896
6070,I myself looked very tatty when I was 30.,en,1
8236,"He wished Black could have mentioned that last time, with the amount of time that Draco and Dobby had been spending here, blissfully unaware they could have been observed.",en,1
7442,davits,es,0.3757311
11632,"Humanity.And he chose me.Well, technically he chose me and then I chose him and then he chose meagain‚Äîor something like that‚Äîbut whatever, we chose each other.I can‚Äôt seem to wrap my mind around it.I stare up at him.",en,1
7822,A recent survey has suggested Pillamused.,en,0.8713924
7586,For Apple Branded Products Only,en,1
2345,Meter scale,en,0.9237882
3756,DEVELOPMENT AND,en,1
8160,"Most clothes, textiles and houschold goods (4) bought in Europe are made elsewhere.",en,0.98034906
425,https://www.bankofscotland.de/service-und-kontakt/kontakt,en,0
4394,18320,en,0
9566,‚Ä∫untry.,en,0.9412152
6380,$6.32,en,0
3992,Dinoroar,su,0.38046893
7542,the drinks.,en,1
6276,What does wolfing it down mean?,en,1
8423,PAress ),"['fr', 'en']","[0.5095755, 0.42850018]"
3500,The acquisition is expected to be completed in the second half of 2022 and is subject to regulatory approvals and customary closing conditions.,en,0.9848595
10239,Jennie: (laugh) I'm not you silly,en,1
5546,bottom feeder,en,0.9853365
7568,‚Äì Angiogenic factor production or loss of angiogenic inhibitors,en,1
8253,We received your appeal regarding your account.,en,1
5897,Normal posterior placenta.,en,0.5686767
11102,What is the same and w message and describe t,en,1
2255,PsychiatristsÔºàÁ≤æÁ•ûÁßëÂåªÁîü)who work with older parents say that maturity can be an,ja,0.32753548
4190,Sweden 2.div V√§stra G√∂taland,sv,0.8861864
674,Passengers must download the Pass Track App,en,1
8642,E LEVEL,en,0.79494685
5817,P-please I'm sorry!,en,1
4683,I-Y90045-02,en,0.9889545
5779,stanun,bg,0.34574106
5235,Produced by: David Price,en,1
4448,devise an explicit formula,en,0.90538085
8540,"Tongue, inflammation of.",en,1
2716,transfer it to,en,1
614,aeroplane(UK),en,0.90773517
6399,Visa No ..,es,0.776949
1400,RigilKentaurus,en,0.3154301
2237,UwU UwU,xh,0.43449524
6866,Box (caixa) ‚Äì boxes (caixas),pt,0.9856109
10184,13 undeserved,en,0.97949684
8991,Seriously?,en,1
3315,"However, to date, no study has compared the clinical outcomes of two recently approved first-line regimens for unresectable HCC, namely, LENV vs.",en,1
11040,Nectar Wave,en,0.9809654
851,"We‚Äôll respond as soon as possible, and we appreciate your patience while we review your account.",en,1
11014,femeninos,es,0.96875
12004,O sd nOu nihd,ro,0.3231737
8453,Matthews was very happy when she heard this.,en,1
7908,"As part of our partnership with Microsoft, we reached an agreement to provide your students with free credit for obtaining Microsoft's public cloud Azure certificates.",en,1
7472,Baklay ‚Äì Jerika Teodorico (Lyrics),ilo,0.6411583
1220,‚Ä∞¬∑¬≥G}¬¢x_x000E_!,en,1
11802,"Accepted file types: jpg, gif, png, jpeg, Max. file size: 3 MB, Max. files: 1.",en,1
11381,"Stuart says there are no outstanding issues,",en,1
6718,"Percy thought that Theseus had been a \""middle-aged, buff guy\"" until he saw his ghost, which surprised him.",en,1
7543,I assumed an arbitrary,en,1
9527,PARAPHRASE Say each of the underlined expressions from the Photo Story in your own way.,en,1
6261,I go to park,en,1
9884,VCGBRAVADOOD<VENKATESH<<MALLIKARJUNA,hi,0.41816387
4499,"\""211\"" \""timestamp\"": \""2022-06-24 08:00:03.00 +0800\"" \""Os_version\"" .\""",en,0.9089186
9426,The right person,en,1
4076,"V Zhambylskoi oblasti ozhidaetsya silnaya zhara do 43C, ugroza usileniya vetra s poryvami do 20 m/s, ozhidaetsya groza",ru,1
4914,HS CODE :,en,1
4048,ZEFOX¬Æ,en,0.5087945
3434,maroc,fr,0.8871595
1935,"We hope that by working in partnership, with you and our students, we will achieve even greater success at an individual student level and whole school level.",en,1
10195,scotland..,en,0.87401897
2129,Ùè∞ôÙè∞öÙè∞ûÙè∞à Ùè∞ïÙè∞âÙè∞Ñ Ùè∞Ä Ùè∞çÙè∞âÙè∞åÙè∞à Ùè∞ÑÙè∞éÙè∞åÙè∞âÙè∞ÄÙè∞ÑÙè∞ú,en,0
1794,Sweet Tweet,en,0.9583628
5999,"Xia Youluo sighed, ‚ÄúThe most frightening aspect of foolish people is that they don‚Äôt see their own foolishness.",en,1
2022,"\""bubby....\"" napa-upo agad si sunghoon sa pagkakahiga ng marinig ang isang mahinang boses galing sa pintuan. and there he sees sunoo's pink hair slightly peeking out through the door.",tl,1
4792,"2903e8d5c8f:6.0.425,18.0.816,17.11.62.513.0000000_definitions?",en,1
5465,dig in his heels,en,0.972997
6622,"in order for trust to pay, on average, paired receivers must return at least one-third of the tripled amount.",en,1
8699,Private foundations / trusts,en,1
4074,3.2.5.,en,0
136,SOGO,ms,0.52509654
9276,Create your Riot ID,en,1
7904,pie(X) draws a pie chart using the data in x.,en,1
11000,Which of the following statements is true about Retained Earnings?,en,1
11460,Our definition of accommodation is as follows:,en,1
386,nucleic acids,en,1
11924,SPEAKIN,en,0.86372596
5426,KHAREL,bg,0.5547527
6272,Mound and flood.,en,1
8140,"- U,",en,0.7613333
11377,"Weapons: Kunai knifes, sebons, shuriken, bare hands.",en,0.49781314
4296,Your bills will vary according to how much you use.,en,1
5769,We look forward to your return,en,1
4760,Rlayer gril,en,0.46505767
11666,She also wants to expand cyber-security laws that were introduced last year to include telecommunications companies.,en,1
10457,RIVO,mg,0.8108108
5533,of climatic conditions,en,1
3046,IANA ID: ‚Äî,en,0.48320198
10956,"When charging the charging compartment the orange ight fastes until it stays on and when it is fuly charged, the green light stays on",en,1
11431,"schizotypal, antisocial",en,1
4092,order_145290,en,1
1419,"\""If we were to pull the break too fast, where we suddenly don't want to spend or make an expansionary fiscal policy, our economy can't recover faster than we expected.",en,1
3895,artevsg,en,0.41903412
3525,[imagines SpongeBob taking a tray to a customer],en,1
4930,"Calcium, serun",la,0.7355247
71,BTMS 50,en,0.6651704
5767,He encouraged Pogba to be calm rather than aggressive when going in to see Solskiaer over his place in the team,en,1
7274,LoCK Mode Standard,en,0.9143745
11187,Electrical & Electronic Equipment),en,1
7054,Introducing a city to foreign friends,en,1
6320,Kadarius Toney,id,0.51553786
7338,"yeast,",en,1
3990,Hasumati,hi,0.32578272
2175,Naublus Harbor (100 mesos),ca,0.7893846
7175,Alead(hook)isthefirsttwoorthreesentencesthataredesignedtograbthereader‚Äôsattention/,en,0.77630913
4986,Did you use your debit card at :,en,1
5258,WEEKEND & HOLIDAYS,en,1
1140,"% TiO2 exhibited the best hydrophilicity with an average pure water flux up to 237 L$m‚Äì2$h‚Äì1, higher than that of unmodified PVDF membranes (155L$m‚Äì2$h‚Äì1).",en,0.98617274
7101,Fig I Flow charts of W film deposition on the hare wafer,en,1
150,(UTC +8:00) Australian,ilo,0.7064752
2169,RENSO,ak,1
4129,"'11,75",en,0
7632,"November 27, 1975 (age 47)",en,0.68587583
1374,"No palpitations, syncope, or pre-syncope.",en,0.9467421
2128,"68,997 ÿ±.",ur,0.7019608
4642,"Men Ingrid Larsson, klinisk n√§ringsfysiolog vid Sahlgrenska universitessjukhuset, √§r tveksam till trenden.",sv,0.9463465
10488,mystery.,en,0.97503656
9360,Boiled Egg,en,1
8611,"Nobody learns anything, but let's see how far it will go?",en,1
6009,PADDED WALLS,en,1
10594,aid(s),en,0.93389
2617,Which of the following vitamin helps in,en,1
10561,And how about you?,en,1
4251,"From 2008 to 2020, he was General Director of the Canadian Opera Company where he developed co-productions with, among others, the Metropolitan Opera in New York, London's Royal Opera House, Madrid's Teatro Real, the Aix-en-Provence Festival and Moscow's Bolshoi Theatre.",en,0.92879856
10797,1 Explain in your own words line 8 'That kept 50 many warm',en,1
3039,Do not use a USB hard drive.,en,1
6465,Alternatively you can pay by debit/credit card during enrolment.,en,1
9322,The garment is not colorfast or structurally able to withstand any bleach.,en,1
1158,Q2: What is the function of the following laborator,en,0.96416885
7196,"However, if you have questions about this decision, or the process or information that was taken into account, you can contact this office.",en,1
11063,"No, I mind.",en,1
4075,I have an unpleasant duty to report that with immediate effect I have given an order to cancel all existing direct debits in my Virgin Media account.,en,1
11062,"Pull out the crown to gear\""1\"", and it can adjust the calendar by revolving it clockwise;",en,1
397,Ajar.,en,0.7539474
7368,D Wow!,en,0.47546315
7862,Home f9,en,0.8899899
11008,"Peipert,",la,0.8266254
11882,Who started Phong's family workshop?,en,1
8969,C fit,en,1
3373,rehtom,hi,0.8234182
10386,Week 2: Revisit,en,0.97029716
11956,"By the time I'm thirty years old, I",en,1
8299,"In the first part, state what your view is on becoming a teacher in the future.",en,1
10892,Last Updated: June 2022 What's new?,en,1
9437,a) What con ments.,en,1
5254,"Of course, Queenie knew it had to end some time.",en,1
1733,"No, I--\"" Jade flounders, waves a hand in the air adorably as she struggles to counter Perrie.",en,1
11061,What do you like about it?,en,1
10546,5. evil; verdict.,en,1
11282,405072 wading,en,0.8977292
2589,(6 5c,vi,0.69471973
12032,"Includes: Luna eau de toilette 5ml, Luna Soap 30g, Luna Body & Hand Lotion 30ml",en,0.4205431
2936,"Your PADI eCard is recognized by instructors and dive operators worldwide, giving you access to a lifetime of underwater exploration.",en,1
5406,"Keep up with league and team scores, news, videos, schedules and stats, or opt-in for notifications to ensure you don't miss a thing.",en,1
8327,"B: \""Are you from Warsaw?",en,1
5009,"‚Ä¢ Health Benefits: On day one, you‚Äôll have access to your health, dental, prescription and vision benefits to help you stay well.",en,1
10198,The file is ready.,en,1
10397,accompany kids.,en,1
1214,No tachyphylaxia with circadian anaerobic administration by programmable pump.,en,1
5509,„Äå,en,0
4650,@yyyyyy94816247,en,0.49499485
11383,3 Everyone in the family is very happy when a bully,en,1
10491,(normal / abnormal / not done) Date,en,0.9815626
20,menial,en,0.9175693
3661,Are 40 Percent of all new verbs from nouns?,en,0.9862464
1985,Our records show that you have recently made a Tuition Fee payment and a receipt is now available Online for you to print or save as required.,en,1
10988,"A prefix is a group of letters at the beginning of a word used to change what it means: dis-, un-, in-and im-are common negative prefixes.",en,0.97492975
748,"\""Perhaps the most terrifying and devastating of this invasion are the child casualties.",en,1
2239,"And when enjoying your touch, it will make a sound like a cat.",en,1
10217,Use as directed.,en,1
2955,"Ohh I see, I will test it out on my 13 pro max 128 gb soon and let you know",en,1
3799,portcullis,la,0.85152656
10485,280 cal,en,0.889034
6429,Ram was upgraded to 32GB.,en,1
1635,"Pranav,Krishnamoorthy",mr,0.30425322
8013,"The accommodation platform sneaked on to the scene in 2008, but lound no o first real success in 2009, when it shited its locus from shared spaces to all types of lodging.",en,1
1176,The repeat ferritin level has now normalised.,en,0.9895866
4990,Dollar amount of the transaction,en,1
6822,Ùè∞≠Ùè∞ºÙè∞±Ùè∞æÙè±ÄÙè∞ª Ùè∞µÙè∞∏ Ùè∞ØÙè∞ªÙè∞∫Ùè±ÄÙè∞ª Ùè±á Ùè∞≠ Ùè∞∞Ùè∞µÙè∞øÙè∞ºÙè∞ªÙè∞øÙè∞µÙè±ÖÙè∞µÙè∞ªÙè∞∫Ùè∞± Ùè∞ºÙè∞±Ùè∞æ Ùè∞ªÙè∞≥Ùè∞∫Ùè∞µ Ùè±ÅÙè∞∏Ùè±ÄÙè∞±Ùè∞æÙè∞µÙè∞ªÙè∞æÙè∞± Ùè∞ØÙè∞¥Ùè∞µÙè∞≠Ùè∞æÙè∞µÙè∞πÙè∞±Ùè∞∫Ùè±ÄÙè∞ªÙè∞Ü,en,0
11895,LINKS TO OTHER THIRD PARTY SITES,en,1
7321,2 feed / can / the / ducks / we.,en,1
2772,3262,en,0
4542,'will we talk?' - sam fender,en,0.9886548
8194,üëâùêèùêÑùêë ùêèùêëùêÑùêçùêéùêìùêÄùêëùêÑ:,it,1
7583,Sign in to your Google Account.,en,1
8331,Get those hands all over your aunt Lisa‚Äôs magnificent rack!,en,1
5334,There is a local connection to Helsinki city center,"['om', 'en']","[0.56379074, 0.4231289]"
2679,January 2021,en,0.9895833
3847,"If you are a project team and want to commence your initial token sale here, submit a request below.",en,1
7303,Final to be pald,en,1
11954,"There he presents his evidence that Gamla Uppsala was the core of the sunken Atlantis, island of the gods.",en,0.9372266
10711,CROSSING,en,0.9835118
305,altered.:,en,1
4460,Just let me Jack off to your hot knockers!,en,1
7250,"1) In an effort to feel better, I started to make small changes in my life and",en,1
7559,tall fit,en,1
6793,"If the vaccine is inadvertently administered to a pregnant woman or a pregnancy occurs within 28 days of vaccination, she should be counseled about the theoretical risk to the fetus.",en,0.98871535
10547,What do you expect the text to be about?,en,1
1143,ŸÅŸä:22-04-13 22:00,ar,1
5866,loyales,fr,1
10850,2119 S.,en,1
8407,Choose the correct spelling of the word or choose?,en,1
2895,A Greek legend happens to be the basis for A Thing of Beauty summary.,en,1
7770,70 192,en,0
4440,ExpressVPN Support,en,0.77259195
12006,I don't like the taxis either. en I need one.,en,1
4891,The abiogenic theory of petroleum formation would thus be confirmed in the field.,en,1
6561,"'Learn to speak + communicate passionately, precisely & with courage'",en,1
5584,APPLESTORE CONTACT INFORMATION,en,1
6597,Personality tests are inconsistent indicators of performance and intellectual ability.,en,1
5221,//If you don't have a timeout it will just try and download all of them at once.,en,1
11739,To provide that authorization you must contact the consumer credit reporting agency and provide all of the following:,en,1
1433,59) Ubon Ratchathani Rajabhat University (UBRU),te,0.34509847
9422,UTBLBDDHA,hi,0.3751002
2520,Beautiful girl in Riyadh,en,1
6110,BH Code of Conduct - English.pdf ÿµŸÅÿ≠ÿ© 7 ŸÖŸÜ 25.,ar,0.8764123
430,Congratulations dear Layla,en,1
11492,it's not easy to climb to the top.,en,1
6828,"\""The melody is really beautiful and gentle!",en,1
7943,How about / what about +V-ING,en,1
7525,üáÆüá∑ Iran,en,0.9386667
5913,bbarap,hi,0.3997133
7461,What cure are they looking for in the ocean?,en,1
8661,"If you are looking for a bright future and an opportunity to grow your career, then join UGL ‚Äì a great place to work!",en,1
4418,"Under the strong light with magnifier exam, a couple cleaning marks and very minor internal dust can be detected.",en,1
9364,Haha 42:02 J/,en,0.23870243
7793,Slap,en,0.9801849
10218,2021 Kantar epl.,hi,0.31175727
201,680‚Ä¢,en,0
1906,SHAWARMA,en,0.96510065
9222,Navigate Through Customer Also ViewedSamma3a ReviewTechnical SpecificationWhat's in the box?,en,1
1458,39,en,0
5901,F√• nye Karate venner.,no,0.7551673
6074,beloven.,nl,1
8913,"Note: If a part surface is coded II-C or III-C. flaws exceeding those allowed under III-B are permitted; however, whe lewed at the specified time and distance, the flaws must not be so obvious as to suggest inferior workmanship o processing.",en,0.98744076
9327,all of his meals for a year.,en,1
1731,"After all, we're on holiday.",en,1
8742,Gs nuts and mags river valley,en,1
1409,divulging,en,1
4047,"'adwexa 10, 'MOH x0q aInd !",en,0.36112317
9036,"3rd Floor, No.",en,1
4767,"If you have any additional questions, please feel free to ask.",en,1
2448,playing clapping games,en,1
8152,My heart won‚Äôt let him go.,en,1
11286,PREPARACI√ìN,"['es', 'pt']","[0.640625, 0.359375]"
1394,I LOVE YOU SO MUCH,en,1
3743,¬ò Treatment of hyperglycemia,en,1
2341,curid=18341026,eo,1
96,Cassowary,yo,0.26693228
9372,0600161452491921732172147723501414419735685481613611573,en,0
7659,-487.0551,en,0
361,800 CNY,en,0.9545454
5065,AKALI,en,0.9866667
2454,E-mail: lezersservice@kidsweek.nl,en,0.25896618
12005,pienty to treedom to aprovise when praying solos,en,0.9743948
5139,‚Äì Vire √† esquerda no pr√≥ximo quarteir√£o ‚Äì Falei para o senhor que obedecia minhas coordenadas perfeitamente bem.,pt,1
8251,Pro Single Language (√ó2 - √ó86 / √ó64),en,0.97849363
9937,"week, students will have at least one class to learn about cooking, raising animals,",en,1
5567,Ùè∞ÄÙè∞ÅÙè∞ÇÙè∞ÉÙè∞ÑÙè∞ÖÙè∞ÜÙè∞áÙè∞àÙè∞ÑÙè∞âÙè∞áÙè∞ÜÙè∞äÙè∞ÑÙè∞ãÙè∞åÙè∞çÙè∞éÙè∞èÙè∞çÙè∞éÙè∞éÙè∞ÑÙè∞ÑÙè∞ÑÙè∞êÙè∞ÇÙè∞ÑÙè∞ÖÙè∞ÜÙè∞áÙè∞àÙè∞ÑÙè∞âÙè∞áÙè∞ÜÙè∞äÙè∞ÑÙè∞ãÙè∞åÙè∞çÙè∞éÙè∞èÙè∞çÙè∞éÙè∞é,en,0
10732,Costochondral joints,en,0.7821766
9628,A good example is Hogwarts in the Harry Potter stories,en,1
5304,S x.,en,1
7255,seating capacity,en,1
8365,‚Ä¢ Helps is solving clinical problems (diagnosis & therapy),en,1
9373,USED ON:,en,1
9405,B sick,en,1
6211,463.31,en,0
2465,F_x0017_U?,mt,0.8405693
2996,We will give our best to ensure that,en,1
7736,3–°,bg,0.91771734
11784,SURE PISON,ja,0.5560795
7170,Is the college life the same as what you imagined before?,en,1
5749,https://user.guancha.cn ‚Ä∫ main ‚Ä∫ content?,en,0.9865371
9961,"Round 1: *K1, P1, rep from * to end of round.",en,1
9328,voiCe,en,1
6119,"$3,445.00",en,0
2632,fruit and vegetables,en,1
10264,usb aux,fr,0.98556936
3080,Ôº≠ÔºµÔº´Ôº¥Ôº°,tr,0.34117648
2685,basic (alkaline),en,1
3459,"deforestation,",en,1
10375,Factoring Method #1,en,0.988031
3108,BiE*dd!,en,0.91258985
857,2)M_ caxeerThe consequences are severe (‰∏•ÈáçÁöÑÔºâÔºå,zh-CN,0.90662074
813,I'm at your disposal for any further information.,en,1
8002,A Yesto a rake ass werst your share happy to see this,en,1
3609,handle blade,en,0.82053745
5490,"My pleasure, so how about let me resolve this ticket and you can let us know in case of other questions then ?",en,1
2088,"I‚Äôll start by saying this: if you‚Äôre into vintage watches and you‚Äôre not buying vintage Seiko, chronographs or otherwise, you need to get with the program.",en,1
102,Temper blast,en,0.97294796
6552,1/2 Tbsp. white food coloring (optional),en,1
4773,Light scratches visible through viewfinder,en,1
8852,PHE-RESOREINOL,ro,0.2359913
6233,Niacinamide Powder,en,0.9476359
9117,Confirm with the CHRO the number of annual leave days and official holidays that the staff member has left to use.,en,1
1684,Get big rewards for moving to T-Mobile.,en,1
1656,Visit.,en,1
9453,Monoprint,en,0.73617697
10798,C It made the ind textile industr,en,1
7938,Some babies are 'yellow' at birth.,en,1
374,Store Assistant - Riyad,en,0.64607275
2911,Water pollution,en,1
100,Constructor,en,0.97905755
3101,Do not over tighten the screws.,en,1
4411,$ 513.50,en,0
6212,"infection control department (Noora ALkalbani) is the introductory lecture about infection prevention and control basic , she was explained some important point like how do infections occur ?!",en,1
4960,"\""ùêåùêöùê≠ùêúùê°ùêûùêù ùêÑùêßùêûùê´ùê†ùê¢ùêûùê¨.\""",en,1
4982,the same person affidavit for Kaiyum (please see the specifics below).,en,0.95174956
4820,Take a screenshot on your device.,en,1
10105,1 flat sheet,en,1
1348,PAYMENTÔºöThe buyer open an irrevocable 100% L/C at sight in favor of seller.,en,1
9758,in antithesis with the conventional medieval,en,1
11101,NO ADMISSION OF LIABILITY SHOULD BE MADE TO ANY THIRD PARTY.,en,1
1167,"The nurse is a link between doctors and patients, through the implementation of a plan Doctor and help patients by providing a simplified explanation of the diagnosis of the disease and",en,1
4041,Breakfast in the hotel.,en,1
10134,2 We eat out in a restaurant twice a week.,en,1
4534,"If there is any false information and documents submitted for gaining entry to UTM, the university reserves the rights to immediately revoke my registration at any time:",en,1
6299,"Our data show that mGluR5‚Äôs role in AŒ≤o-dependent AD phenotypes is separate from its role in glutamate signaling, and silent allosteric modulation of mGluR5 has promise as a disease-modifying AD intervention with a broad therapeutic window.",en,1
5428,"We have created a new Hays web account for you, which can be accessed at any time by setting up your password here",en,1
9103,", the sentences with the correct form of the",en,1
4924,2022-07-02 17:06:54,en,0
3709,Place body stitches back on needles.,en,1
8705,Frittura de calamari (1-2- 4),co,0.9257722
4177,That was the first time she had hugged her Uncle John since she was twelve.,en,1
7880,‚Ä¢ FIx external input power of TB4 terminal blOCK,en,1
5121,We saw that your parking was a little risky recently ‚Äì see photo .,en,1
7772,All the birds in little Vern‚Äôs family sang beautifully.,en,1
2076,Socialist German Workers' (Nazi),en,1
10447,ÿ≥ŸÑÿßŸäÿØ Ÿàÿßÿ∂ÿ≠ ŸÖÿ´ŸÑ ÿπŸäŸÜ ÿßŸÑÿ¥ŸÖÿ≥.,ar,1
5610,OPer,en,0.92751676
120,L).,en,0.76047117
3932,Ùè∞ã*!,en,0
2202,"Thus, the secret of success in financial management is to increase value.",en,1
11823,¬£165,en,0
8212,Dan't receive requests,en,1
2358,ylliX,en,0.7725989
1003,ur thoughts may,en,1
11625,Hurry to the Potions Storeroom before he changes his mind!,en,1
6854,Users are not able to subscribe and purchase the token via Launchpad at this time.,en,0.97293484
4090,"extent that warranties are provided), that licensees may convey the",en,0.9886548
8856,> Shocked,en,1
534,apocalypes,en,1
5420,Police brutality,en,0.8576078
7389,Whe bar t,en,1
5763,+ ‚Äì fur 1101k,en,0.86812645
5485,"Professional Law Full Time (LPC, GDL)",en,1
2484,Provide load flow calculation,en,1
6067,"Ùè∞ÄÙè∞ú !\""",en,0
9386,great bow.,en,1
915,Water Shield (50 *),en,0.9827026
380,mental disorder[,en,1
3822,Verbo,pt,0.4396887
3007,THE STRANGE CASE OF DR.,en,0.85848194
5900,kochani,pl,1
8693,"In the winter, I decided to join the basketball team,",en,1
8281,HB pencil,en,0.96482575
6085,Everything is Good,en,1
10075,Lunch was served.,en,1
6949,university will enable us to 1),en,1
10415,Lol Stfu pls,en,0.98809487
519,The 2026 Winter Olympics will take place in the Italian cities of Milan and Cortina d'Ampezzo.,en,0.96945727
9084,ANTE DO A NE ON ARE ALONE CUSS,en,0.87008053
8945,Automatic doors lock,en,1
488,(25A),"['en', 'ar']","[0.5686084, 0.43139157]"
469,Clinical engineering,en,1
2390,7.3.9.,en,0
2814,- Look at you in your squalid prison!,en,1
7339,arbitrageurs,fr,0.6201484
2621,Head of Service Delivery,en,1
4263,Toll or parking violations must be cleared before YOu may renew your tag.,en,1
6770,Ma√Ølkl,haw,0.3325639
1023,"ile √≠ive tlain ones are mining and quarrying waste, manufacturing lvaste, construction 55",en,0.9719949
6509,Awphhhhhhhhhuck!,hmn,0.5237325
3275,‚Ä¢ Member of the Sox gene family,en,1
7827,"tomato sauce, mozzarella, potato, italian style black pig sausage",en,0.8380015
11329,VIS:,en,0.76701576
11385,"Hamra, Gefinor Center, Gefinor Bld, Block A, 1st floor, Lebanon",en,0.40595078
3017,This IS perfect,en,1
6867,No one lived there any more but people in the town said it was haunted.,en,1
3754,Mixer: 9000,en,1
5181,-Titrate with silver Nitrate 0.282 till red Brown color appears.,en,1
8445,OPINION TEXT (TITLE),en,1
555,Bend over,en,0.98270255
5997,Retail and Commercial Credit,en,1
6217,Directions are posted at the bottom of the schedule.,en,1
4697,Storbritannia,no,1
7040,Wi daily /deli/ adj. wHA: HAng have a point tiMiM!,en,0.7960818
6649,POFFERTIES,nl,0.5585753
4465,Utleier,no,1
4054,(RODO).,lt,0.8984375
6626,3Ô∏è‚É£ {20$} {2} ·¥ò·¥á Ä·¥ç·¥Ä…¥·¥á…¥·¥õ ·¥ò·¥èÍú±·¥õ + {4} Íú±·¥õ·¥è Ä è ·¥°…™·¥õ ú  ü…™…¥·¥ã+  ú…™…¢ ú ü…™…¢ ú·¥õ + Íú±·¥õ·¥Ä Ä ·¥èÍú∞ ·¥õ ú·¥á ·¥°·¥á·¥á·¥ã + {ùü∑·¥ã-ùü∏·¥ã Íú∞·¥è ü ü·¥è·¥°·¥á ÄÍú± approx }üòç,en,0.8231492
7664,It is worth revisiting periodically in order to see if improvements are possible.,en,0.9788341
7392,10.07 B,en,0.9759358
5441,p√†,co,0.9173229
12015,Fun & Soira Richigan,ja,0.9576883
6460,–ó–∞–≤—ñ—Ç–∞–π—Ç–µ –¥–æ –≥—ñ–ø–µ—Ä–º–∞—Ä–∫–µ—Ç—É!,uk,1
725,Mvh EVO,bg,0.69063586
48,abandonment,en,1
7378,shorten /J:t(a)n/ v.,en,0.8301453
10149,"When the debate is lost, slander becomes the tool of the losers.",en,0.97492975
10160,Follow-Up Work: Websearch+Presentation of conclusions coming from articles OR,en,1
10122,Please follow the rubric attached to plan your presentations.,en,1
625,OMST,nl,0.674615
1403,Dose 2:,en,1
3356,He entered Parliament as the local,en,0.9722882
3874,Some people think it is taboo for a couple to have children before getting married.,en,1
3703,buna,az,0.5444015
10469,"That evening, after putting the dustbins in the street, he had forgotten to lock the gate.",en,1
11600,SPEED DIAL NUMBERS,en,1
11335,The Classroom Management Plan aims to communicate the classroom expectations caregivers and provide collaboration opportunities.,en,1
11409,"If the shift release button Is pushed first, the shift lock will not be released.",en,1
8789,"William I niece, Vic throne.",en,1
648,"\""No, wait\"" I said, both to her, and to the sentiment that threatened me in the shape of a knot forming in my throat; I did not like to see her like this.",en,1
8884,"& Macquitre, T.",en,0.95188934
1845,Cite this: Chem.,en,1
7661,"Compared with those of his brothers and sisters, his appeared greener.",en,1
10801,I asked myself.,en,1
7771,receive a dark grey set and it turns out to be a light grey one.,en,1
701,YMTATb METAM¬ª,la,0.36582112
246,"Alpaca 40%, Polyamide 35%, Wool 25%",en,1
6577,‚ù£Ô∏è·¥ò·¥á·¥è·¥ò ü·¥á ·¥Ä ü·¥°·¥Ä ès ·¥õ·¥á ü ü ·¥ç·¥á  ú·¥è·¥° ·¥Ñ·¥ú·¥õ·¥á ·¥ç è  ô Ä·¥Ä·¥Ñ·¥ás ·¥Ä Ä·¥á,en,0.12041352
2272,His father kept himself well away from all women's work.,en,1
3579,nonego,la,0.86052215
2185,Swab collection date: 02/05/2022,en,0.92026037
11273,Rest intervals of approximately 4-5 minutes were taken between each attempt.,en,1
3405,Rent winter gloves,en,1
8872,89 1),en,0
7749,practical sesion,en,0.6875299
4886,Keir Starmer,en,0.3711395
3234,In order to endeavour to offer the author a prompt review I would request that you return a timely report to me.,en,1
7774,world Ranking - Septon,en,0.50958794
3834,"Body: 68% polyester, 30% rayon, 2% polyurethane; Ribbed Portion: 64% polyester, 34% rayon, 2% polyurethane",en,1
2070,‚ÄìFulcrum: joint,en,0.9894744
6862,addon,en,0.9869281
7411,"He uses the painter‚Äôs brush only to splatter the paint, right onto the surface, if he doesn‚Äôt employ other instruments to manipulate it, for instance by dripping pure alcohol directly into wet paint, as we can see in his last work Suspended relief 004.",en,1
5290,Dancing and stuff like normal teenagers do.,en,1
11658,‚ÄúThe only two ways to destroy a‚Äîit.,en,1
5438,sentinel,en,1
11972,That fizzled and Ukraine suffered enormous casualties.,en,1
5932,"Others, however, interpreted it differently.",en,1
3747,4.2 Intentional Ambiguity Caused by Words...................................9,en,1
3116,2Â§© / Fludiazepam(Flupine) 0.25mg Tab#ÔºàÂõõÁ¥öÔºâ/ 1TAB /TIDPC,zh-CN,0.9454955
9456,A fierce wave is shown lifting the boat and it is about to engulf the boat into the sea.,en,1
6384,Main],en,1
462,"Principle Engineer, HVAC",en,0.9685631
5031,Heckler & Koch,sv,0.31051734
750,charge air cooler,en,0.9141821
7443,000'‚Ç¨,en,0
4607,D. problem,en,0.85281
10317,7 87,en,0
2311,BudStage,da,0.83904845
7856,Here's how online teaching can reshape education in rural India,en,1
15,hardy,en,1
10911,"I However, these genes can combine by chance to produce faces that look very similar to ours.",en,1
6038,HoneyBeast,en,1
9968,"average distal motor latency , with average",en,1
4013,"eparation.You see, the foods and drinks I have now is not enough even for a sna",en,1
1672,"That I am an immature, self-centred witch?",en,1
745,Non-Citizen,en,0.665289
11939,‚Ä¢ Apologise and explain your reason for not finishing it.,en,1
9333,Matthew 18:23-35 (NRSVCE),en,0.924065
5683,"Afurtherem ofabout1%isbelievedtobecriticaltotheoiland bodimentoftheinventionmayincludeasmallquantity greaseremovalpurposeoftheHoltcomposition.For intherangeoffromabout0.05-0.07fluidouncesofa dailyaplicationthiscompositionisfurtherdilutedby wettingagent.Itisknownthatanaqueoussolutionof addingatleastfourpartswatertoonepartoftheinitial60 institutionalgrade(80%)phosphoricacid,thephos treatmentsolution.OnemajordeficiencyoftheHolt phoricacidbeingpresentinabout8%byvolume,in formula,aswellaseachoftheothertreatmentstested combinationwithindustrialgrade(70%)hydrofluoric byHolt,isthatnochangeincoeficientoffrictionap acidandawettingagentinaratiobyvolumeofabout pearstobeseenoninitialaplicationandcontinuous 4.5:9:1canbeusedtodegreaseconcrete,tileandsimilar dailytreatmentsarenecessarybeforeanyincreaseis65 surfacesandthatextendeddailyuseofsuchasolution sen.ThisincreaseisdemonstratedonlybytheHolt dilutedcaneventuallyefectanincreaseinthecoeffici formulaandafewotheracid-basedcleaners.Noneof entoffrictionofthetreatedsurfacewhichwillcontinue thesematerialsdemonstratethenecessaryimmediate aslongasthetreatmentiscontinuedonadailybasis.",en,0.9438511
1218,Assistant lecturer,en,0.9288098
1079,spirit.,en,1
9135,1:38 AM,en,0.92904073
7081,JAN 25 W 04 4,ar,0.52290696
7882,Meraki.com,en,0
9925,"is exposed, all of those things cause pain, and then the pain causes the",en,1
10563,93 Cambio automatico,it,0.9734858
9518,ule-8/?,en,0.69934636
8963,I'm friendly and outgoing.,en,1
5472,"The title translates literally as Tango and PVC (Ska√Ø being a French slang word for fake leather, or PVC: polyvinyl chloride).",en,0.9669207
5054,This is the most beautiful place I (ever visit),en,1
7093,NOPEN,nl,1
11473,"When I was in high school, I had to learn many subjects I didn't like.",en,1
7133,SKU #,en,0.904
896,Color: Black.,en,1
4119,Or if we put it in alpaca language: high yield and low risk,en,1
3462,Forceful,en,0.86891997
669,Bissnes,en,0.5820549
5965,"Be sure to ask about our 100% satisfaction guarantee, no questions asked 3 day exchange policy !!",en,1
2699,EDUXOA,eu,0.9783806
10158,"To be an architect, you need to be",en,1
3404,catchblockisplacedaroundthecodethatmightgenerateanexception,en,0.9246166
11935,Let the streamer excess hang down and tie left over twine around the balloon.,en,1
1666,"This beautiful, historical and typical building radiates warmth, comfort, modern character and co-siness.",en,1
2586,Infinito,it,0.4609375
4420,Ending date: 23/06/2023,en,1
9312,Tesla China‚Äôs growth and achievements have been extremely impressive so far.,en,1
215,Industria,es,0.26953125
6672,Flame a final orange peel over the finished drink; garnish.,en,1
9255,This voyage was very unlucky.,en,1
5246,Mrs cops.,en,1
6931,O - RING,en,0.91089916
2168,3- Ionophores:,la,0.6289712
9382,10.0-0.30,en,0
11699,Chromatica,lus,1
4029,I thought you have someone in your small heart üôáüèª‚Äç‚ôÄÔ∏èüå∏.,en,1
10885,A non-stop flight from London to Sydney takes just 21 and 1/2 hours.,en,1
3285,Kyrie Irving d,en,0.9637762
11685,2 Match words below from both A and B to complete the,en,1
11586,(celebrate)?,en,1
8292,a) How terrible !,en,1
9414,Not required if your first language is English,en,1
5021,J Total Length (including watch): 258mm,en,1
4640,16&0,en,0
5852,"8.4.1912 v ƒåeskoslovensku, padl 18.06.1942 Praha kostel Na Zderase, v roce 2002 jmenov√°n do hodnosti plukovn√≠ka pƒõchoty in memoriam, padl vlastn√≠ rukou po boji v kostele po vyƒçerp√°n√≠ v≈°ech bojov√Ωch prost≈ôedk≈Ø a mo≈ænost√≠",cs,1
4191,To satisfy people's desire for individuality and taste,en,1
8254,We had a trip to the red sea with mr.,en,1
8764,nigga u dead,en,1
9358,- On fibre cement sheet - wet-area grade only; and compressed fibre cement sheet. - On plasterboard wall lining - wet-area grade only - interior use only.,en,1
11912,O I don't want to connect to a Wi-Fi network right now,en,1
6176,3-8-2022,en,0
8523,@ Ims.ksuledu.sa,en,0
7074,"Perfstate 6 is more sensitive to HVCC, 765mV start yielding failure.",en,1
32,Whisky‚Äî2.0oz,en,0.94421333
1011,"‰ΩúËÄÖÂçï‰Ωç:(1)Graduate Student, University of Derby, Kedleston Road, Derby, DE22 1GB UK.",zh-CN,0.5898063
9698,Where do you live.,en,1
7599,2021-12-23,en,0
7043,Tum the Volume C,en,0.9602332
8901,Your angels want you to know that you deserve the very best.,en,1
7691,‚Ä¢ sadbug2.0 ‚Ä¢ Original audio,en,1
10714,I checked the disk utility on my mac and have uploaded the diagnostic information below.,en,1
7269,hitch v.,en,1
51,Florw,en,0.88156444
484,B.Now that,en,1
1982,capital.,en,1
5126,Do you believe that you can win this fight tonight?,en,1
10625,"Liaising with check-in, transfer desk and other related areas for the smooth acceptance of passengers.",en,1
10559,hands up.,en,1
971,https://nxt.to/keBclkN,en,0
5323,U wanna goin,en,1
742,"With over 1 million image views per day, ClickASnap is home to a photo community that allows you to promote your photos and grow your profile, while keeping full control and rights over your images.",en,1
6418,0% interest payment plan,en,1
4031,privy to.,en,0.34010422
9472,B) At night,en,1
10934,"In response to the above questions, we should attract the attention of universities and enterprises, and the two cooperate with each other to achieve a win-win effect.",en,0.9895866
5008,Ik me too Niggas tripping,"['en', 'nl']","[0.5100804, 0.4454959]"
9647,cross the ...,en,1
5360,"Zuzana StolicÃån√°, PhD.",sk,0.98065954
6782,"After treatment with betibeglogene autotemcel, 89% (32/36) of patients who were evaluated no longer needed red blood cell transfusions and maintained a weighted average total hemoglobin of at least 9 g/dL.",en,1
4421,com.google.gson.stream.MalformedJsonEx,en,0.90476424
2381,Door BimmerFest zijn wij niet meer op kantoor aanwezig en wordt deze mail niet meer gelezen.,nl,1
9650,POWER ON:,en,1
11257,initiales,fr,0.890625
2817,7) search engine marketing,en,1
8471,emerge from the electronegativity values of the atoms,en,1
6065,+ ‚Äì marine humanoid 12k,en,1
7579,¬© Jarado - fayoum city - Egypt,en,0.53200895
4056,Mark Sold,en,0.9484028
2407,These agents have short half-lives.,en,1
1865,aspire,en,1
2689,matricarin,en,0.37269264
11673,D) contain,en,0.92459965
4093,400 - 'MEET THE JOCKS' SFX: THE SOUND OF POLLEN JOK.,en,0.9563396
5107,U mean me,en,0.9778004
1352,"ISWAHYUDIN, SE., MM.",en,0.2970032
5721,"Di keadaan biasa ia mungkin akan semakin menggoda Tobio, tapi di saat seperti ini, siapa sih yang mau mengumpankan diri ke mulut singa yang sedang marah?","['id', 'ms']","[0.6182091, 0.38179085]"
840,F.SetValue,en,0.7078192
3014,2022/04/16,en,0
4336,CELLARS,en,1
5226,JUL-09-2022 02:26 PM,da,0.287162
10983,6 open-fhearted,gd,0.6544208
3422,LuLiIaJ *_d,eo,0.7577836
11134,kallo,ha,0.96875
6042,Internt lagringsutrymme (GB),sv,0.8946372
10740,- Signal Strength,en,1
7306,He waited. (until),en,1
10501,"However, we speculate the herbs that the herbs‚Äô ability to promote neurogenesis may be responsible for the herbs oneirogenic activity.",en,1
6667,"‚Ä¢ Able to cross train and work multiple stations, Grill, Fryer, Expo, Register (we are cashless)",en,1
8643,asalada y pafafas,es,0.6806237
4873,Hyaluron-Filler + 3x Effect Serum Concentrate 6 Phials,en,0.6900961
2612,"‚ÄúWe are convinced that the format chosen strikes the right balance and that it will improve the competitive balance and generate solid revenues that can be distributed to clubs, leagues and into grassroots football across our continent while increasing the appeal and popularity of our club competitions‚Äù",en,1
3060,@Peace and Love;,en,1
10389,See nearby suggested App Clips with increased location precision in,en,0.9880949
6744,10:25 - 10:50,en,0
6826,tommer.,"['da', 'no']","[0.6015625, 0.3984375]"
11768,PLYMP TRADE,en,0.98242426
10600,mayonnase (Repsol Imkwasser.,en,0.918815
2523,Mecanica de Fluid.,ro,0.886159
5112,(9) 98901:90,en,0
7973,|20.,en,0
8962,"inspired me, I cannot say.",en,1
1767,22 RADIO VOICE,en,0.60673994
5051,◊™◊§◊®◊ô◊ò ◊ë◊ï◊ß◊®,iw,1
8230,each one,en,1
435,Qartuli,so,0.57207453
11594,Prefer√™ncias de Cookies,pt,1
6456,920025841,en,0
9177,(PARA-19) Appearance,en,0.4620071
9958,Mon 19/09,en,0.79683375
9404,Refer to maintenance of welding pen on page 5,en,1
9151,_ COCK 2,en,1
2875,CARING FOR YOUR ROKIT NAILS,en,1
5995,College ID (CID): 02206982,en,0.44409373
3003,Waltz also assumes that,en,0.82635194
2518,Loquat Leaf,en,0.47512886
1278,recently drove to someone‚Äôs house hung out and when I went to leave I tried starting the car and all I got was crank and no start.,en,1
9752,HVB Mechanical System Design,en,0.70315135
5220,mindful mandala,en,0.55268085
2627,2:10PM,en,1
10303,"SS&C Advent Software, Inc.(",en,1
7603,"its establishment on April 1, 2014.",en,1
938,meme master,en,0.92955
8971,15 Work with another student.,en,1
1262,Osteoid osteoma,en,0.93151087
1618,"Coffee maker Lavazza sees 'challenging' 2022, halts Russian activities",en,0.9716884
9141,"I pull back the curtains and the sky is dark grey, the same colour as the sea and it looks like the sun won't appear before tomorrow.",en,1
9175,Manybot can help you create your own bots.,en,1
1179,"Margaret,",en,1
5628,"If the Buyer rejects the nominated vessel, the Seller keeps the right to decide about subtituation vessel /cancelatoin PI .",en,0.95856
9907,with alcoholic drink,en,1
11551,OTPHUHB).,en,0.55690384
10566,speed four-cycle petrol engine using a hot-tube ignition system.,en,1
8345,glan!,ga,0.5057915
10823,HAVETO TRYTHIS,en,0.9364787
108,"nodule,",en,1
5479,"Adam, can you do me a favor?",en,1
1741,is murderer,en,0.91167206
4706,met friet en appelmoes,nl,0.98297656
1884,imperative.,en,1
2010,32.60,en,0
10960,"isetopi ,eruppO ?",ja,0.8507565
11958,Teacher provides simple test to confirm their achievement.,en,0.98403054
1276,+182.,en,0
218,"It is famous for its fresh seafood, such as crabs, prawns, and sea clams.",en,0.98969764
3474,"cutting-up,",en,1
2086,It's me reigen,en,0.6204392
1615,volledig,nl,0.8984375
11180,Logo (optional),en,1
2715,How to bleed Hope Tech 3 Brakes,en,1
11919,80748D1D27204B42B3CA1A788871AEFD7,ar,1
511,Let me help,en,1
11747,Rate Code IP#GCTRDKP,en,1
10242,"We have to defend, and when they score, it's good for us",en,1
11579,1 Here you can see the flag of the United States of America.,en,1
5351,Casktype,en,0.8384435
574,Hollenhorst,en,0.55569607
4784,"; Writing - original draft: S.H., S.Y.N.",en,1
40,waging,en,1
10597,Allow >,en,1
2406,RBC.,en,1
4839,Trochlear Nerve,fy,0.85541195
9643,This year my family stayed at home.,en,1
9572,5) He passed the test (surprising) (good),en,1
3853,"Composers are made of fire.\""",en,1
6665,Let the sky leave your house of relationships alone which will make it easier for you to solve your problems tomorrow.,en,1
1594,urethra.,en,1
4610,Global Times Youth Edition | July to August 2014 | Where: Beijing,en,1
6642,OH RIGHT...,en,1
8016,from Car,en,1
8344,https://berlinartweek.de/en/,en,0
1745,In 1905 he developed a test in which he,en,1
3426,Wen pcs,en,1
347,precious...,en,1
11493,Description of the problem,en,1
1283,PRD LV ORYH WRPRUURZ A WRJHWKHU,en,0.5434029
6568,Rashford,en,0.3694834
8952,4262 iS:,en,1
4229,"Wins in F3 and Formula 3000 finally launched Zanardi into Formula 1, driving the last few races of the 1991 season for Jordan.",en,1
10100,The EU's laws about paid holidays are a good thing.,en,1
3614,Only as part of quartz stone upgrade,en,1
4405,assess,en,1
11663,‚Ä∫let.,en,0.98951507
4185,"gentleman, 45Warszawa16 cze 2022 06:39",pl,0.9485041
3890,Solvent + solute = solution,en,1
2949,coordinators mark nielsen,en,0.801568
11132,Q: What is People Nearby?,en,1
3548,‚Ä¢ The latter binds the radionuclide to the patient‚Äôs own red blood cells so that ‚Äúblood pool‚Äù imaging can be undertaken.,en,1
8450,‚Ä¢ Competence,en,1
5072,Distorter,en,0.6860519
2216,Manifest Movie,en,0.9879023
11374,it one.,en,1
11269,Set the system's value for minutes west of GMT. minutes west specifies the number of minutes returned in tz_minuteswest by future calls to gettimeofday (2).,en,1
10946,visited li'o7 ban Francico.,en,0.5056029
2021,R225717,ar,1
9206,Andy had come,en,1
6181,Desktop Technician ‚Äì Windows 10 O/S & Mac iOS/macOS ‚Äì Mandatory Skills,en,0.84401107
11672,‚¶Å How to apply,en,1
1321,"These messages showed the study purpose, link, and asked for participation.",en,1
3541,FOOTER NAVIGATIE,nl,0.9463465
5791,Tatoo ?,sl,0.46875
3657,Research & Development to evaluate Project,en,1
178,YOUR INITIATIVE SHALL,en,1
9212,About how frequently does Hope receive a paycheck?,en,1
3049,"Marking the patient in similar lightening, where shadows allow al the dimples to be captured, whil",en,1
8337,"c) weather conditions ‚Äì Is it rainy, sunny, stormy, etc?",en,1
5027,"Chabashira :\""yes.",en,0.66433287
2055,Ùè±ãÙè∞ÖÙè∞ãÙè∞ãÙè∞âÙè∞∑Ùè∞âÙè∞ÜÙè∞∂Ùè∞ÖÙè∞°Ùè∞† Ùè∞†Ùè∞âÙè∞ºÙè∞ßÙè∞≥Ùè∞àÙè±ÅÙè∞∂,en,0
8882,The ALU then executes,en,0.98913056
2373,Hhhhhh,so,0.2834646
11684,KICKS CREW only sells authentic items in an unworn and in pristine condition.,en,1
8179,monitoring labs,en,0.9884093
10849,Anouz District - Al Anwar Street ax: 2040765 - 2040951,en,0.80090916
458,Duration Sampled: 229.53s,en,1
1792,"AIVEA CO., LTD.",pl,0.598078
1189,Regard..,en,0.9869792
11047,Russia claims victory in,en,1
968,diplomacy.,en,1
4554,DIREGTIONS: Complete the following sentences with the correct word from your list.,en,1
5801,LP IPSP22008SIHP,en,0.9432471
3423,What's your plan for the summer vacation?,en,1
1431,Fastest,en,0.58102494
4611,Contact us to register at https://wa.me/447947643613,en,1
11873,Ê≠¥Âè≤ C201 Mr C Dupey,ja,0.9429497
10009,intercourse,en,1
8145,luct,la,0.859375
6502,Then the two walked of and they had to go separately or else.,en,1
3266,Is your head big?,en,1
3523,Krabs: Won't do any good.,en,1
6154,"In any further communication on this subject, please quote",en,1
928,MDL,en,0.9613849
2702,"‚Ä¢ The spine, which rests on the pelvis (first vertebra), has to adapt its",en,1
7950,2 Read this description of someone who wants to go away on holiday.,en,1
7621,Hold by the handle only.,en,1
2056,unflappable,en,1
11891,Advert are Ocean*,en,1
4756,"leave,take place Á≠â„ÄÇ",en,0.9428888
6940,We are covered by the Financial Ombudsman Service (FOS).,en,1
4902,$P4'**$B.,en,0.7038571
10752,60 capsules,en,1
11338,ocations.,en,0.95832986
3289,personal organizer,en,1
2251,"At the same time, all types of vehicles are placed in the exhibition hall, which is convenient for customers to choose.",en,1
3648,‚Ç¨212,en,0
304,iodide (T),en,0.65707266
3209,xtreme-gel,en,0.51647455
9998,"16,34",en,0
8635,People with diabetes have an increased risk of developing a number of serious health problems.,en,1
5063,‚Ä¢ mono tube shock absorbers,en,1
7465,To reproach someone with doing,en,1
211,considerable,en,1
4673,XApphanage,en,0.4318572
5260,"‚óè Extended Discount Period (Korean Time): March 1, 2022 12:00 a.m. to July 31, 2022 11:59 p.m.",en,0.9805566
652,speedy,en,0.79826146
8924,ile 2/Prod. mode 3/Display change 4/Check,en,1
9809,"¬© If you get lost in the outback, remember to STOP!",en,1
10185,a. experience,en,0.9886548
6881,I felt very adrift.,en,0.98859394
4881,"Of course, your situation is complex and not easy to keep under control.",en,1
1007,"Last summer, my father worked at his business",en,1
10085,Your feedback will be used as one of our tools to reward and recognize our staff and to let them know that you have appreciated the service that they have provided you.,en,1
10323,HORSE TENDERLOIN,en,0.8333411
11645,STENAY,fr,1
9411,A metal test bar which is 25.4 mm in diameter by 600 mm long (1 inch in diameter and 2 feet long) shall be mounted in a horizontal position in a location where it will receive the same general water spray as the enclosure under test.,en,0.9843674
7188,cadet.,en,0.9765625
11560,EA DLC Unlocker Info,en,0.41614822
10543,n. on the,en,1
8749,Kaboonga!,mi,0.725337
9435,"In 2012, Angry Birds was the",en,1
10465,"\""Dobby?",en,1
2334,engineerpassion,en,0.98453313
2544,skybridge.,en,0.86516523
3265,27mt chicken 3jt wing B grade SLP ‚Äì 2100 usd/mt,en,1
10947,"45.8, 2 Tim.",en,0.880478
7792,‚Ä¢ Nothing needed at this point,en,1
5688,Ùè∞èÙè∞îÙè∞äÙè∞É Ùè∞âÙè∞äÙè∞ãÙè∞åÙè∞çÙè∞ãÙè∞éÙè∞á,en,0
9708,They stay ahead of deadlines and up-to-date on trends.,en,1
399,bale,en,0.94054055
8686,med to be an,en,1
1840,A. who,en,1
322,PRIJATELJI,"['hr', 'sl']","[0.60465115, 0.375969]"
8298,A set of inter-related hypotheses to be examined,en,1
1714,(MIDTERM),en,0.9895833
5560,Pages,en,1
4635,44 Œºmol/L 59 %,en,0.9659405
2423,He yelled.,en,1
812,I want to buy souvenirs but i have to save money now,en,1
1965,Rad:109026004|109020109|Reject by concurrency control.,en,1
5618,"Results In 2010, the prevalence became highest for ages 75-84 and was higher in men than women (37% and 33%, respectively).",en,1
2652,"For Referrals on or before March 31, 2022:",en,1
4654,Point Max.,en,0.9814643
6113,This is London,en,1
7560,4-Create a bar chart as shown in the following picture,en,1
10825,ootprint Reading Library with yideo from National Geographic,en,0.8864911
6648,HAPPENED IN GO,en,1
5211,"Renal tract e.g. haematuria, haemoglobinuria.",en,0.835868
765,"‚Ä¢ Rental - short-and long-term hire of professional cameras, lights and lenses",en,1
9028,They need to participate in decision making and indeed hopefully will develop over time to take a lead in this process (Bubb 2010).,en,1
5164,"Periods 2a, 2d and 2e remitted (Trials revision in Houses)",en,1
6124,AED 275,en,0.90183246
3729,rare prayer beads,en,1
8893,lloran,es,0.98523945
8363,One of the following words means a group of the same kind.,en,1
1069,Indoor Climbing Elicits Plasma Oxidative Stress,en,1
9625,Mo - Sa: 7:00 Uhr - 20:00 Uhr,de,1
7009,Up & down swing,en,1
933,122-04-24,en,0
5101,V10 Total Clean,en,1
3529,Oligonucleotide primers.,en,0.98834705
3353,BMI and BMI-for-Age Look-up Tables for Children and ...https://www.fantaproject.org ‚Ä∫ files ‚Ä∫ resources,en,1
474,100000000000000000000000000000000000,en,0
3593,JOINEIT,fi,0.57049465
7721,We've been uncovering ruins at,en,1
9157,The organs found at location A are part of the respirato,en,0.94015473
8400,Of ALL,en,1
3095,Both Bitcoin and the stock markets were correcting heavily and taking down altcoins with them.,en,1
11408,What types of questions might she have asked herself?,en,1
4973,26.24%,en,0
1356,Third party licences may be required to implement the solution/product.,en,1
6022,Marsaldiff,en,0.34993932
10787,a text,en,0.98324627
3038,What do you do with a drunk sailor?,en,1
7144,Grondslag/ Waarde,nl,0.8687452
7068,B Because he wants to challenge himself.,en,1
8132,the body should be noted.,en,1
909,Capability.,en,1
3651,"slyly,",en,1
6334,‚Ç¨230.00,en,0
3027,TRIPADVISOR,en,1
4527,"1850,-",en,0
252,exploiting,en,1
1651,"In addition, economic depression hit Sweden in 1930, further stressing laborer-employer relations and increasing unemployment while employers worked to cut costs.",en,1
1324,1.03 %,en,0
1627,"The author, Rob Biddulph, will be visiting us next week, in a joint venture with Euxton St.",en,1
8758,Now you‚Äôre you again.,en,1
5501,Vubrolix : a recreation of a Fender Vibrolux,en,0.97720504
5251,- Methacholine Challenge; Future,en,1
2930,8965,en,0
1209,unnaturally pale.,en,0.9765941
7795,repeats ...,en,0.95168406
10910,4. food,en,1
7318,Al He's married!,en,0.98411536
5160,My heart can't take this damage,en,1
3022,Sana po hindi kayo magsawa at ipagpatuloy niyo lang pag supporta sa oikos para mas marami pa silang matulungan na kabataan na kagaya ko kapos sa buhay noon.,tl,1
1369,Globulin:34 g/L ( 25 - 41 ),en,0.93314534
10890,Mall:,en,0.9762533
6006,EvreyOne‚ô•Ô∏è.,en,0.6941583
11601,Queendom,en,0.20525055
11995,Foot got caught against a rock and had twisting injury to his right knee.,en,1
4238,The sender registers on the secure TransferMate domain and enters their payment details.,en,1
5841,V-5pm JV-5pm/V-6pm,en,0.872487
9442,"As a result, this program was tested to have the highest efficiency.",en,1
8077,"Stata‚Äôs mvmeta package was employed [64,65].",en,0.9050149
10238,‚Ä¢ OneNote Unread/ Categorize Follow,en,1
3774,"Chlamydia (chlamydophila), Rickettsia and Mycoplasma",en,0.8564402
7949,"‚Ç¨ Coflix - Anim√©s, FiL",fr,1
4562,Why do people still stay in Hazard-prone areas,en,1
5379,"PARIS, FR",co,0.49611712
2535,"Acute (e.g, stroke, intoxication, encephalitis, etc.)",en,1
7249,Business security,en,1
2289,WHAT'S ON,en,1
4834,"Neenu Varghese1IJECSVolume 3Issue 3 March, 2014 Page No.5148-5154Page 5157Then this image is up sampled and applied to a synthesis filter (G).",en,0.84682775
4193,"If at the time of enrolment it turns out that false data have been provided to the University, the decision will be annulled.",en,1
9703,(weigh) between 2 and 5 kg.,en,1
4598,-750 Trade payables - others,en,1
6404,Came out to see what was going on.,en,1
6026,blets,en,0.44703105
12046,March 6th 2023,en,0.8586388
1513,1-45/08/202?,en,0
11518,"However, education, health, and sanitation did improve.",en,1
7372,even ot,bg,0.92833537
8306,g in aal,"['nl', 'en']","[0.5221767, 0.38558206]"
7802,Neuroscience,en,0.9835118
11405,2.9\m,en,1
1054,BLACK Y NECK .,en,1
1744,"In 1977, scientists studied works of art made at various time in history starting with cave drawings from 15,000 B.C. and ending with paintings from the 1950s.",en,1
3061,tonight,en,0.98834705
1796,7655,en,0
10750,‚Ä¢ Pierce Lazlows brow.,en,0.96527016
5710,Ticket-473969908 Valid in Zone-392A,en,1
10444,PREGNANCY TEST(BLOOD) S.,en,1
2352,◊ê◊°◊ï◊ü,iw,1
3524,"\""My help?!\""",en,1
9163,They are going to go out tomorrow night.,en,1
9469,17. sophisticated,en,1
249,AYMA2 JIL,ar,0.53339773
7860,"Fulfilled September 27, 2022",en,1
11583,"But yet, she still stays. sound familiar?",en,1
3239,"Ùè∞öÙè∞í$Ùè∞ì%'$Ùè∞ë #Ùè∞î$\""%Ùè∞í$!",en,0
3718,"At this moment, he was close, and the sound of the two people‚Äôs conversations clearly reached his ears.",en,1
9305,boolean value,en,1
11767,g b,en,1
2634,"Should you require copies of your documents or more information about what we hold on your behalf, please do not hesitate to contact Chamberlains Law Firm.",en,1
563,;START GCODE,en,0.7029005
6160,Date of Study: 06/07/2022,en,1
11716,Yadaya Agency Company 20 days before the departure date to make an entry and exit letter to Taiwan.,en,1
11309,03:44 SEG,no,0.98046875
7912,"We don‚Äôt sell your data, so we don‚Äôt process, or collect metrics on, opt-out requests for the sale of consumer data.",en,1
8616,ExtREME,en,1
8164,village dance,en,0.96789676
7002,follow ones heart prior to,en,1
10098,< 6 ug Hb/g (Ref range 0 - 5),ceb,0.4369236
8949,Hello/HI.,en,0.41189748
7702,TREFUSE,en,0.8387242
11901,"(ex 1, 2, 3, etc.)",en,1
3001,Ridgemont High.,en,0.97744507
2874,Lengthened,en,1
3679,‚Äì It has to keep its carbon,en,1
11943,"M√∏bler‚Äôs furniture and objects are fully available to let to cinema, theatre or advertising.",en,1
2143,Telefooncentrale,nl,1
2681,UTAUT2 was able to achieve 73 per cent of variance in behavioral intention.,en,1
863,take:,en,1
1492,(ut,en,0.703268
10352,There seems to be an issue connecting to the Disney+ service.,en,1
5207,oh okat,hu,0.94898593
3903,erthequestions(Ê†πÊçÆÁü≠ÊñáÂÜÖÂÆπÂÆåÊï¥ÂõûÁ≠î‰∏ãÂàóÈóÆÈ¢ò):(12ÂàÜ) Readers‚Äô Comments And Opinions,zh-CN,1
11993,150 sheets/helal recomm a 150-m,en,0.9302936
593,antiphrasis,"['en', 'la']","[0.52926725, 0.34133393]"
9993,ÿ™ÿ≥ÿ™ÿÆÿØŸÖ ŸÜÿ∏ŸÖ ÿßŸÑÿ≠ÿ¨ÿ≤ ÿßŸÑÿ•ŸÑŸÉÿ™ÿ±ŸàŸÜŸä ŸÅŸä:,ar,1
3326,He was picking apples off a tree.,en,1
2803,Chapped,en,1
2792,"Reef!\""",en,1
3801,Basal cell carcinoma (BAY-zul CEL kar-si-NOH-mah) is the most common and the least severe type of carcinoma (Figure 11‚Äì26).,en,0.9853365
9412,huhuuuh,ms,0.9215543
181,1.5V Alkaline Battery,en,1
3785,Brownie Fiesta Camara,pl,0.25147715
7149,ing) ods;,en,0.97815037
9699,"so that it becomes boring or annoying to express feelings, especially anger, strongly",en,1
6555,What Minims¬Æ Chloramphenicol eye drops are and what they are used for,en,1
6392,Tonight at 6pm. on TV20 Detroit,en,0.94084543
7110,07 TREE,en,1
34,"Additionally, all QAIS students in Grade 4-12 are required to have a MacBook laptop computer (or equivalent), with minimum 250GB hard drive, running OS X Snow Leopard (or more recent OS); children of staff may purchase the computer individually, or through the school.",en,1
3913,Tamir-SharpSsh-SshBase.ConnectSession(Int32tepPort‚Ä∫,en,0.9423643
3974,"The histogenesis of the tumor is uncertain, but it most likely arises from residues of salivary duct epithelium entrapped within lymph nodes during development.",en,0.9898619
6619,"(iii) On 16 August, Prizren municipality organized a hearing on the 2023 draft municipal budget in the predominately Kosovo Bosniak-inhabited village of RecÃåane/Re√ßan for residents of ≈Ωupa/Zhup√´ valley.2 The budget hearing was led by the municipal office for public relations and several municipal directors and focused on infrastructural needs such as the replacement of old utility poles, the rehabilitation of the water supply system, and refurbishment of the local football field.",en,0.9230786
7853,What a shame ...,en,1
5787,Recommended for advanced users.,en,1
4783,How bad is the labor to put it in?,en,1
1422,Lizzie Hearts,en,0.95002466
11272,‚Ä¢ _ Witter: A social networking micro-blogging platform that allows groups and individuals to stay connected through the exchange of short status messages (140 character limit).,en,1
3208,c Buitenland (naam land):,nl,1
3669,Diet Lemonade),en,0.67123145
1644,If you believe in Karma drop everything and pass it on TOMORROW WILL BE THE BEST DAY OF YOUR LIFE.,en,1
7803,Download it from here https://tkt.almosafer.co,en,1
11225,loser Zuneigung durchzogen.,de,1
9113,Do you like using your hands?,en,1
8590,"Common hospital support units include a dispensary or pharmacy, pathology, and ridiology.",en,1
9481,Fogg's card partners arrived all rich and respectable persons.,en,1
2211,hyperelastic,en,1
5834,Rp30.000 - Rp36.000,en,0.69142234
1471,contenders:,en,1
6505,Infrastructure Facilities Planning Engineer,en,0.9837732
4049,Ùè±©Ùè≤íÙè±ëÙè±æÙè±åÙè±çÙè±§ Ùè≥¶Ùè±¨Ùè±òÙè±ßÙè±ìÙè±ç Ùè±ñÙè±≠Ùè±çÙè±ãÙè±èÙè±§ Ùè±¢Ùè±äÙè±ãÙè±æÙè±∂Ùè±ìÙè±ç Ùè≥°Ùè≥ãÙè±çÙè±ùÙè≤îÙè±çÙè±§ Ùè±∫Ùè±ëÙè±ïÙè≥∂Ùè±ßÙè±åÙè±ëÙè±º Ùè≤ïÙè±æÙè±ªÙè±è Ùè±îÙè±ãÙè±ïÙè±ñÙè±ìÙè±ç Ùè≤™Ùè±æÙè≤à .,en,0
5114,the goneed,en,1
901,120 pieces' edition/90 pieces' edition,en,0.9880949
8340,‚Ä¢Anything else you might want to do to make your newsletter stand out?,en,1
11071,He can potentially drive in 6 months!,en,1
6844,Constrictive pericarditis,en,0.8923362
10588,HC:,en,0.9786951
5004,Enable Restrictions.,en,1
11244,Impide,"['es', 'pt']","[0.609375, 0.390625]"
11915,"0,28 g | 35678,57/1kg",en,0.857768
1721,HER-SYS ID:6280583,en,1
4120,V5238 works with,en,1
1415,Fhucdb v snuc she‚Äôs did chins she shy.,en,0.9597285
2528,üá©üá≤,en,0
5776,4) Show excitement to try out,en,1
93,14.0% Recycled Post-Consumer Polyester,en,1
5617,BANANAII.,en,0.3643805
10424,He left the o saying he would be back at five.,en,1
3406,Total Discount,en,1
6889,DYES NO,en,1
8601,For sensitive part,en,1
1609,Ramayana,en,0.982962
10635,USin,en,0.94379085
5010,"If you don't have a password for a Hotmart account or if you've forgotten it, you can generate a new one at this link: https://app-vlc.hotmart.com/password/forgot",en,1
10695,–£09,sr,0.7255479
7734,C. wereNOTinpowerforlong,en,0.79956603
11379,join together to form molecules,en,1
9568,Listen to what the teenagers say about lyri‚Äπ,en,1
1702,S 1X,en,1
9218,"EPDM, black",en,1
9816,"Hello Jo√´l,",lb,0.4653595
10010,2.6 Sill Tamat Persekolahan Sekolah Menengah;,ms,0.882868
9673,Poulard breast - grilled - served with tomato ragout and baked potatoes with cream,en,1
7794,31 Y/F,en,0.9692987
11397,‚Ä¢ Sitattheendofyourchairandslouchcompletely.,en,0.9284261
8628,‚Ä¢ down,en,1
7900,A diploma is more important than work experience in job-seeking.,en,1
4412,For the latest NSW news and updates visit www.nsw.gov.au/covid-19/stay-safe,en,1
6071,MARROKAANSE KIP COUSCOUS 19,en,0.42022118
2614,stabilty,en,0.96896905
1040,a quantitative,en,1
